"","RK","NAME","TEAM","SALARY","POSITION"
"1","1","Stephen Curry","Golden State Warriors",51915615,"PG"
"2","2","Kevin Durant","Phoenix Suns",47649433,"PF"
"3","3","LeBron James","Los Angeles Lakers",47607350,"SF"
"4","4","Nikola Jokic","Denver Nuggets",47607350,"C"
"5","5","Joel Embiid","Philadelphia 76ers",46900000,"C"
"6","6","Bradley Beal","Phoenix Suns",46741590,"SG"
"7","7","Giannis Antetokounmpo","Milwaukee Bucks",45640084,"PF"
"8","8","Damian Lillard","Milwaukee Bucks",45640084,"PG"
"9","9","Kawhi Leonard","LA Clippers",45640084,"SF"
"10","10","Paul George","LA Clippers",45640084,"F"
"11","11","Jimmy Butler","Miami Heat",45183960,"SF"
"12","12","Klay Thompson","Golden State Warriors",43219440,"SG"
"13","13","Rudy Gobert","Minnesota Timberwolves",4.1e+07,"C"
"14","14","Fred VanVleet","Houston Rockets",40806300,"PG"
"15","15","Anthony Davis","Los Angeles Lakers",40600080,"PF"
"16","16","Luka Doncic","Dallas Mavericks",40064220,"PG"
"17","17","Zach LaVine","Chicago Bulls",40064220,"SG"
"18","18","Trae Young","Atlanta Hawks",40064220,"PG"
"19","19","Tobias Harris","Philadelphia 76ers",39270150,"PF"
"20","20","Ben Simmons","Brooklyn Nets",37893408,"PG"
"21","21","Pascal Siakam","Indiana Pacers",37893408,"PF"
"22","22","Kyrie Irving","Dallas Mavericks",37037037,"PG"
"23","23","Jrue Holiday","Boston Celtics",36861707,"PG"
"24","24","Devin Booker","Phoenix Suns",36016200,"SG"
"25","25","Karl-Anthony Towns","Minnesota Timberwolves",36016200,"C"
"26","26","Kristaps Porzingis","Boston Celtics",36016200,"C"
"27","27","CJ McCollum","New Orleans Pelicans",35802469,"SG"
"28","28","James Harden","LA Clippers",35640000,"SG"
"29","29","Ja Morant","Memphis Grizzlies",34005250,"PG"
"30","30","Darius Garland","Cleveland Cavaliers",34005250,"PG"
"31","31","Zion Williamson","New Orleans Pelicans",34005250,"PF"
"32","32","Jamal Murray","Denver Nuggets",33833400,"PG"
"33","33","Brandon Ingram","New Orleans Pelicans",33833400,"SF"
"34","34","Shai Gilgeous-Alexander","Oklahoma City Thunder",33386850,"PG"
"35","35","Michael Porter Jr.","Denver Nuggets",33386850,"SF"
"36","36","Donovan Mitchell","Cleveland Cavaliers",33162030,"SG"
"37","37","De'Aaron Fox","Sacramento Kings",32600060,"PG"
"38","38","Bam Adebayo","Miami Heat",32600060,"C"
"39","39","Jayson Tatum","Boston Celtics",32600060,"SF"
"40","40","Deandre Ayton","Portland Trail Blazers",32459438,"C"
"41","41","Jaylen Brown","Boston Celtics",31830357,"SG"
"42","42","Gordon Hayward","Oklahoma City Thunder",31500000,"SF"
"43","43","Chris Paul","Golden State Warriors",30800000,"PG"
"44","44","Domantas Sabonis","Sacramento Kings",30600000,"PF"
"45","45","Khris Middleton","Milwaukee Bucks",29320988,"SF"
"46","46","DeMar DeRozan","Chicago Bulls",28600000,"SF"
"47","47","Julius Randle","New York Knicks",28226880,"PF"
"48","48","Jordan Poole","Washington Wizards",27955357,"SG"
"49","49","Jerami Grant","Portland Trail Blazers",27586207,"SF"
"50","50","Jaren Jackson Jr.","Memphis Grizzlies",27102202,"PF"
"51","51","Tyler Herro","Miami Heat",2.7e+07,"PG"
"52","52","Jalen Brunson","New York Knicks",26346666,"PG"
"53","53","Cameron Johnson","Brooklyn Nets",25679348,"SF"
"54","54","Kyle Kuzma","Washington Wizards",25568182,"SF"
"55","55","John Collins","Utah Jazz",25340000,"PF"
"56","56","Brook Lopez","Milwaukee Bucks",2.5e+07,"C"
"57","57","Mike Conley","Minnesota Timberwolves",24360000,"PG"
"58","58","Andrew Wiggins","Golden State Warriors",24330357,"SF"
"59","59","Anfernee Simons","Portland Trail Blazers",24107143,"SG"
"60","60","RJ Barrett","Toronto Raptors",23883929,"SG"
"61","61","Jordan Clarkson","Utah Jazz",23487629,"PG"
"62","62","Dillon Brooks","Houston Rockets",22627671,"SF"
"63","63","Malcolm Brogdon","Portland Trail Blazers",22500000,"PG"
"64","64","Draymond Green","Golden State Warriors",22321429,"PF"
"65","65","Aaron Gordon","Denver Nuggets",22266182,"PF"
"66","66","Terry Rozier","Miami Heat",22205221,"SG"
"67","67","Bruce Brown","Toronto Raptors",2.2e+07,"SF"
"68","68","Mikal Bridges","Brooklyn Nets",21700000,"SF"
"69","69","Myles Turner","Indiana Pacers",20975000,"C"
"70","70","Clint Capela","Atlanta Hawks",20616000,"C"
"71","71","Lonzo Ball","Chicago Bulls",20465117,"PG"
"72","72","De'Andre Hunter","Atlanta Hawks",20089286,"SF"
"73","73","Keldon Johnson","San Antonio Spurs",2e+07,"SF"
"74","74","Bojan Bogdanovic","New York Knicks",2e+07,"SF"
"75","75","Jarrett Allen","Cleveland Cavaliers",2e+07,"C"
"76","76","Joe Harris","Detroit Pistons",19928571,"SF"
"77","77","Jakob Poeltl","Toronto Raptors",19500000,"C"
"78","78","Buddy Hield","Philadelphia 76ers",19279841,"SG"
"79","79","Evan Fournier","Detroit Pistons",18857143,"SG"
"80","80","Marcus Smart","Memphis Grizzlies",18833712,"PG"
"81","81","Bogdan Bogdanovic","Atlanta Hawks",18700000,"SG"
"82","82","OG Anunoby","New York Knicks",18642857,"SF"
"83","83","Gary Trent Jr.","Toronto Raptors",18560000,"SG"
"84","84","Nikola Vucevic","Chicago Bulls",18518519,"C"
"85","85","Derrick White","Boston Celtics",18357143,"PG"
"86","86","Dejounte Murray","Atlanta Hawks",18214000,"SG"
"87","87","Duncan Robinson","Miami Heat",18154000,"F"
"88","88","Norman Powell","LA Clippers",1.8e+07,"G"
"89","89","Tim Hardaway Jr.","Dallas Mavericks",17897728,"SF"
"90","90","Jonathan Isaac","Orlando Magic",17400000,"PF"
"91","91","Collin Sexton","Utah Jazz",17325000,"PG"
"92","92","D'Angelo Russell","Los Angeles Lakers",17307693,"PG"
"93","93","Lauri Markkanen","Utah Jazz",17259999,"PF"
"94","94","Marcus Morris Sr.","Cleveland Cavaliers",17116279,"SF"
"95","95","Davis Bertans","Charlotte Hornets",1.7e+07,"SF"
"96","96","Harrison Barnes","Sacramento Kings",1.7e+07,"SF"
"97","97","Markelle Fultz","Orlando Magic",1.7e+07,"PG"
"98","98","Jusuf Nurkic","Phoenix Suns",16875000,"C"
"99","99","P.J. Washington","Dallas Mavericks",16847826,"PF"
"100","100","Kevin Porter Jr.","Oklahoma City Thunder",15860000,"G"
"101","101","Rui Hachimura","Los Angeles Lakers",15740741,"PF"
"102","102","Mitchell Robinson","New York Knicks",15681818,"C"
"103","103","Kevin Huerter","Sacramento Kings",15669643,"SG"
"104","104","Jonas Valanciunas","New Orleans Pelicans",15435000,"C"
"105","105","Luke Kennard","Memphis Grizzlies",15418363,"SG"
"106","106","Caris LeVert","Cleveland Cavaliers",15384616,"SG"
"107","107","Luguentz Dort","Oklahoma City Thunder",15277778,"G"
"108","108","Kentavious Caldwell-Pope","Denver Nuggets",14704938,"SG"
"109","109","Max Strus","Cleveland Cavaliers",14487684,"SG"
"110","110","Tyus Jones","Washington Wizards",1.4e+07,"PG"
"111","111","Dorian Finney-Smith","Brooklyn Nets",13932008,"PF"
"112","112","Doug McDermott","Indiana Pacers",13750000,"SF"
"113","113","Wendell Carter Jr.","Orlando Magic",13050000,"C"
"114","114","Gary Harris","Orlando Magic",1.3e+07,"SG"
"115","115","Josh Hart","New York Knicks",12960000,"SG"
"116","116","Naz Reid","Minnesota Timberwolves",12950400,"C"
"117","117","Steven Adams","Houston Rockets",12600000,"C"
"118","118","Brandon Clarke","Memphis Grizzlies",12500000,"PF"
"119","119","Marvin Bagley III","Washington Wizards",12500000,"PF"
"120","120","Dennis Schroder","Brooklyn Nets",12405000,"PG"
"121","121","Daniel Gafford","Dallas Mavericks",12402000,"C"
"122","122","Grant Williams","Charlotte Hornets",12325581,"PF"
"123","123","Kelly Olynyk","Toronto Raptors",12195122,"PF"
"124","124","Victor Wembanyama","San Antonio Spurs",12160680,"C"
"125","125","James Wiseman","Detroit Pistons",12119400,"C"
"126","126","Devonte' Graham","San Antonio Spurs",12100000,"PG"
"127","127","Richaun Holmes","Washington Wizards",12046020,"F"
"128","128","Austin Reaves","Los Angeles Lakers",12015150,"SG"
"129","129","Herbert Jones","New Orleans Pelicans",12015150,"SF"
"130","130","Chris Boucher","Toronto Raptors",11750000,"PF"
"131","131","Nicolas Batum","Philadelphia 76ers",11710818,"PF"
"132","132","Bobby Portis","Milwaukee Bucks",11710818,"F"
"133","133","Robert Covington","Philadelphia 76ers",11692308,"PF"
"134","134","Paolo Banchero","Orlando Magic",11608080,"PF"
"135","135","Robert Williams III","Portland Trail Blazers",11571429,"C"
"136","136","Coby White","Chicago Bulls",11111111,"PG"
"137","137","Cade Cunningham","Detroit Pistons",11055240,"PG"
"138","138","Talen Horton-Tucker","Utah Jazz",11020000,"SG"
"139","139","P.J. Tucker","LA Clippers",11014500,"PF"
"140","140","Joe Ingles","Orlando Magic",1.1e+07,"SG"
"141","141","Maxi Kleber","Dallas Mavericks",1.1e+07,"PF"
"142","142","Donte DiVincenzo","New York Knicks",10960000,"SG"
"143","143","Ivica Zubac","LA Clippers",10933333,"C"
"144","144","LaMelo Ball","Charlotte Hornets",10900635,"PG"
"145","145","Brandon Miller","Charlotte Hornets",10880400,"F"
"146","146","Terance Mann","LA Clippers",10576923,"SG"
"147","147","Matisse Thybulle","Portland Trail Blazers",10500000,"SG"
"148","148","Gabe Vincent","Los Angeles Lakers",10500000,"PG"
"149","149","Alec Burks","New York Knicks",10489600,"SG"
"150","150","Chet Holmgren","Oklahoma City Thunder",10386000,"PF"
"151","151","Larry Nance Jr.","New Orleans Pelicans",10375000,"PF"
"152","152","Landry Shamet","Washington Wizards",10250000,"SG"
"153","153","Al Horford","Boston Celtics",1e+07,"C"
"154","154","Malik Monk","Sacramento Kings",9945830,"SG"
"155","155","Tre Jones","San Antonio Spurs",9895833,"PG"
"156","156","Jalen Green","Houston Rockets",9891480,"SG"
"157","157","Patrick Williams","Chicago Bulls",9835881,"PF"
"158","158","Monte Morris","Minnesota Timberwolves",9800926,"PG"
"159","159","Scoot Henderson","Portland Trail Blazers",9770880,"G"
"160","160","Nic Claxton","Brooklyn Nets",9625000,"C"
"161","161","Jeff Green","Houston Rockets",9600000,"PF"
"162","162","Royce O'Neale","Phoenix Suns",9500000,"PF"
"163","163","Alex Caruso","Chicago Bulls",9460000,"SG"
"164","164","Victor Oladipo","Memphis Grizzlies",9450000,"SG"
"165","165","Pat Connaughton","Milwaukee Bucks",9423869,"SG"
"166","166","Jabari Smith Jr.","Houston Rockets",9326520,"PF"
"167","167","Isaiah Hartenstein","New York Knicks",9245121,"C"
"168","168","Anthony Edwards","Minnesota Timberwolves",9219512,"SG"
"169","169","Kyle Anderson","Minnesota Timberwolves",9219512,"SF"
"170","170","Grayson Allen","Phoenix Suns",8925000,"SG"
"171","171","Isaac Okoro","Cleveland Cavaliers",8920795,"SF"
"172","172","Evan Mobley","Cleveland Cavaliers",8882760,"PF"
"173","173","Amen Thompson","Houston Rockets",8809320,"F"
"174","174","Georges Niang","Cleveland Cavaliers",8800000,"SF"
"175","175","Gary Payton II","Golden State Warriors",8715000,"SG"
"176","176","T.J. McConnell","Indiana Pacers",8700000,"PG"
"177","177","Keegan Murray","Sacramento Kings",8409000,"SF"
"178","178","Onyeka Okongwu","Atlanta Hawks",8109063,"PF"
"179","179","Scottie Barnes","Toronto Raptors",8008560,"SF"
"180","180","Trey Lyles","Sacramento Kings",8e+06,"PF"
"181","181","De'Anthony Melton","Philadelphia 76ers",8e+06,"SG"
"182","182","Moritz Wagner","Orlando Magic",8e+06,"C"
"183","183","Jock Landale","Houston Rockets",8e+06,"C"
"184","184","Ausar Thompson","Detroit Pistons",7977480,"F"
"185","185","Miles Bridges","Charlotte Hornets",7921301,"SF"
"186","186","Vasilije Micic","Charlotte Hornets",7723000,"G"
"187","187","Paul Reed","Philadelphia 76ers",7723000,"SF"
"188","188","Zach Collins","San Antonio Spurs",7700000,"PF"
"189","189","Jaden Ivey","Detroit Pistons",7641480,"PG"
"190","190","Cody Martin","Charlotte Hornets",7560000,"SF"
"191","191","Kevon Looney","Golden State Warriors",7500000,"F"
"192","192","Taurean Prince","Los Angeles Lakers",7455000,"PF"
"193","193","Killian Hayes","Detroit Pistons",7413955,"PG"
"194","194","Jalen Suggs","Orlando Magic",7252080,"SG"
"195","195","Anthony Black","Orlando Magic",7245480,"G"
"196","196","Khem Birch","San Antonio Spurs",6985000,"C"
"197","197","Bennedict Mathurin","Indiana Pacers",6916080,"SG"
"198","198","Obi Toppin","Indiana Pacers",6803012,"PF"
"199","199","Caleb Martin","Miami Heat",6802950,"SF"
"200","200","Cedi Osman","San Antonio Spurs",6718842,"SF"
"201","201","Bilal Coulibaly","Washington Wizards",6614280,"SG"
"202","202","Josh Giddey","Oklahoma City Thunder",6587040,"SG"
"203","203","Cameron Payne","Philadelphia 76ers",6500000,"PG"
"204","204","Jae'Sean Tate","Houston Rockets",6500000,"SF"
"205","205","Ayo Dosunmu","Chicago Bulls",6481481,"SG"
"206","206","Rudy Gay","Golden State Warriors",6479000,"SF"
"207","207","Sasha Vezenkov","Sacramento Kings",6341464,"F"
"208","208","Shaedon Sharpe","Portland Trail Blazers",6313800,"SG"
"209","209","Otto Porter Jr.","Toronto Raptors",6300000,"SF"
"210","210","Deni Avdija","Washington Wizards",6263188,"SF"
"211","211","Nassir Little","Phoenix Suns",6250000,"SF"
"212","212","Jevon Carter","Chicago Bulls",6190476,"PG"
"213","213","Kenrich Williams","Oklahoma City Thunder",6175000,"SF"
"214","214","Ricky Rubio","Cleveland Cavaliers",6146342,"PG"
"215","215","Jarace Walker","Indiana Pacers",6059520,"F"
"216","216","Jonathan Kuminga","Golden State Warriors",6012840,"PF"
"217","217","Devin Vassell","San Antonio Spurs",5887899,"SG"
"218","218","Tyrese Haliburton","Indiana Pacers",5808435,"PG"
"219","219","Dyson Daniels","New Orleans Pelicans",5784120,"G"
"220","220","Kira Lewis Jr.","Utah Jazz",5722116,"PG"
"221","221","Dean Wade","Cleveland Cavaliers",5709877,"PF"
"222","222","Aaron Nesmith","Indiana Pacers",5634257,"SF"
"223","223","Jalen Smith","Indiana Pacers",5604192,"PF"
"224","224","Taylor Hendricks","Utah Jazz",5569920,"F"
"225","225","Cole Anthony","Orlando Magic",5539771,"PG"
"226","226","Franz Wagner","Orlando Magic",5508720,"SF"
"227","227","Garrett Temple","Toronto Raptors",5401000,"SF"
"228","228","Furkan Korkmaz","Philadelphia 76ers",5370370,"SG"
"229","229","Jeremy Sochan","San Antonio Spurs",5316960,"F"
"230","230","Cason Wallace","Oklahoma City Thunder",5291000,"G"
"231","231","Chuma Okeke","Orlando Magic",5266713,"PF"
"232","232","Isaiah Stewart","Detroit Pistons",5266713,"C"
"233","233","Davion Mitchell","Sacramento Kings",5063760,"PG"
"234","234","Johnny Davis","Washington Wizards",5050800,"G"
"235","235","Jett Howard","Orlando Magic",5026800,"G"
"236","236","Nick Richards","Charlotte Hornets",5e+06,"C"
"237","237","Mason Plumlee","LA Clippers",5e+06,"C"
"238","238","Reggie Jackson","Denver Nuggets",5e+06,"PG"
"239","239","Ziaire Williams","Memphis Grizzlies",4810200,"F"
"240","240","Ousmane Dieng","Oklahoma City Thunder",4798440,"F"
"241","241","Dereck Lively II","Dallas Mavericks",4775640,"C"
"242","242","Josh Green","Dallas Mavericks",4765339,"SG"
"243","243","Jarred Vanderbilt","Los Angeles Lakers",4698000,"PF"
"244","244","Nickeil Alexander-Walker","Minnesota Timberwolves",4687500,"SG"
"245","245","James Bouknight","Charlotte Hornets",4570080,"SG"
"246","246","Jalen Williams","Oklahoma City Thunder",4558680,"F"
"247","247","Saddiq Bey","Atlanta Hawks",4556983,"SF"
"248","248","Gradey Dick","Toronto Raptors",4536720,"G"
"249","249","Jalen McDaniels","Toronto Raptors",4516000,"PF"
"250","250","Precious Achiuwa","New York Knicks",4379527,"PF"
"251","251","Tyrese Maxey","Philadelphia 76ers",4343920,"PG"
"252","252","Jalen Duren","Detroit Pistons",4330680,"C"
"253","253","Danuel House Jr.","Philadelphia 76ers",4310250,"SF"
"254","254","Jordan Hawkins","New Orleans Pelicans",4310160,"G"
"255","255","Zeke Nnaji","Denver Nuggets",4306281,"PF"
"256","256","Immanuel Quickley","Toronto Raptors",4171548,"SG"
"257","257","Chris Duarte","Sacramento Kings",4124400,"SG"
"258","258","Ochai Agbaji","Toronto Raptors",4114200,"G"
"259","259","Kobe Bufkin","Atlanta Hawks",4094280,"G"
"260","260","Payton Pritchard","Boston Celtics",4037278,"PG"
"261","261","Seth Curry","Charlotte Hornets",4e+06,"SG"
"262","262","Troy Brown Jr.","Detroit Pistons",4e+06,"SF"
"263","263","Dwight Powell","Dallas Mavericks",4e+06,"C"
"264","264","Moses Moody","Golden State Warriors",3918480,"SG"
"265","265","Mark Williams","Charlotte Hornets",3908160,"C"
"266","266","Jaden McDaniels","Minnesota Timberwolves",3901399,"PF"
"267","267","Keyonte George","Utah Jazz",3889800,"G"
"268","268","Malachi Flynn","Detroit Pistons",3873025,"PG"
"269","269","Desmond Bane","Memphis Grizzlies",3845083,"SG"
"270","270","Kevin Love","Miami Heat",3835738,"PF"
"271","271","Russell Westbrook","LA Clippers",3835738,"PG"
"272","272","Corey Kispert","Washington Wizards",3722040,"SF"
"273","273","AJ Griffin","Atlanta Hawks",3712920,"F"
"274","274","Jalen Hood-Schifino","Los Angeles Lakers",3695040,"G"
"275","275","Amir Coffey","LA Clippers",3666667,"SG"
"276","276","Alperen Sengun","Houston Rockets",3536280,"C"
"277","277","Tari Eason","Houston Rockets",3527160,"F"
"278","278","Jaime Jaquez Jr.","Miami Heat",3510600,"G"
"279","279","Mike Muscala","Oklahoma City Thunder",3500000,"C"
"280","280","Andre Drummond","Chicago Bulls",3360000,"C"
"281","281","Trey Murphy III","New Orleans Pelicans",3359280,"SG"
"282","282","Brandin Podziemski","Golden State Warriors",3352440,"G"
"283","283","Dalen Terry","Chicago Bulls",3350760,"F"
"284","284","Cam Whitmore","Houston Rockets",3218160,"F"
"285","285","Jake LaRavia","Memphis Grizzlies",3199920,"F"
"286","286","Derrick Rose","Memphis Grizzlies",3196448,"PG"
"287","287","Eric Gordon","Phoenix Suns",3196448,"SG"
"288","288","Tre Mann","Charlotte Hornets",3191280,"PG"
"289","289","Noah Clowney","Brooklyn Nets",3089520,"F"
"290","290","Malaki Branham","San Antonio Spurs",3071880,"G"
"291","291","Simone Fontecchio","Detroit Pistons",3044872,"F"
"292","292","Jordan Nwora","Toronto Raptors",3e+06,"SF"
"293","293","Julian Champagnie","San Antonio Spurs",3e+06,"F"
"294","294","Dante Exum","Dallas Mavericks",3e+06,"G"
"295","295","Dariq Whitehead","Brooklyn Nets",2966040,"F"
"296","296","Christian Braun","Denver Nuggets",2949120,"G"
"297","297","Jalen Johnson","Atlanta Hawks",2925360,"SF"
"298","298","Josh Richardson","Miami Heat",2891467,"SG"
"299","299","Kris Murray","Portland Trail Blazers",2847480,"F"
"300","300","Walker Kessler","Utah Jazz",2831160,"C"
"301","301","Josh Okogie","Phoenix Suns",2815937,"SF"
"302","302","Keon Johnson","Brooklyn Nets",2808720,"G"
"303","303","Omer Yurtseven","Utah Jazz",2800000,"C"
"304","304","Kyle Lowry","Philadelphia 76ers",2795839,"PG"
"305","305","Olivier-Maxence Prosper","Dallas Mavericks",2733360,"F"
"306","306","David Roddy","Phoenix Suns",2718240,"F"
"307","307","Christian Wood","Los Angeles Lakers",2709849,"F"
"308","308","Isaiah Jackson","Indiana Pacers",2696280,"SF"
"309","309","Marcus Sasser","Detroit Pistons",2623680,"G"
"310","310","MarJon Beauchamp","Milwaukee Bucks",2609400,"F"
"311","311","Charles Bassey","San Antonio Spurs",2600000,"C"
"312","312","Kris Dunn","Utah Jazz",2586665,"G"
"313","313","Damian Jones","Cleveland Cavaliers",2586665,"C"
"314","314","Bruno Fernando","Atlanta Hawks",2581522,"PF"
"315","315","Willy Hernangomez","New Orleans Pelicans",2559942,"C"
"316","316","Ben Sheppard","Indiana Pacers",2537160,"G"
"317","317","Damion Lee","Phoenix Suns",2528233,"SG"
"318","318","Thomas Bryant","Miami Heat",2528233,"C"
"319","319","Torrey Craig","Chicago Bulls",2528233,"SF"
"320","320","Blake Wesley","San Antonio Spurs",2504640,"G"
"321","321","Josh Christopher","Utah Jazz",2485200,"SG"
"322","322","Nick Smith Jr.","Charlotte Hornets",2463960,"G"
"323","323","Brice Sensabaugh","Utah Jazz",2448600,"F"
"324","324","Ty Jerome","Cleveland Cavaliers",2439025,"SG"
"325","325","Julian Strawther","Denver Nuggets",2431080,"G"
"326","326","Wendell Moore Jr.","Minnesota Timberwolves",2421720,"G"
"327","327","Kobe Brown","LA Clippers",2413320,"G"
"328","328","PJ Dozier","Sacramento Kings",2413304,"G"
"329","329","Luke Kornet","Boston Celtics",2413304,"C"
"330","330","John Konchar","Memphis Grizzlies",2400000,"SG"
"331","331","Quentin Grimes","Detroit Pistons",2385720,"SG"
"332","332","Keita Bates-Diop","Brooklyn Nets",2364614,"SF"
"333","333","Nikola Jovic","Miami Heat",2352000,"F"
"334","334","Yuta Watanabe","Memphis Grizzlies",2346614,"SF"
"335","335","Drew Eubanks","Phoenix Suns",2346614,"PF"
"336","336","Patrick Baldwin Jr.","Washington Wizards",2337720,"F"
"337","337","Jordan McLaughlin","Minnesota Timberwolves",2320000,"PG"
"338","338","Bones Hyland","LA Clippers",2306400,"PG"
"339","339","Peyton Watson","Denver Nuggets",2303520,"F"
"340","340","Cam Thomas","Brooklyn Nets",2240160,"SG"
"341","341","Vlatko Cancar","Denver Nuggets",2234359,"SF"
"342","342","Vince Williams Jr.","Memphis Grizzlies",2232308,"G"
"343","343","Jaden Springer","Boston Celtics",2226240,"G"
"344","344","Day'Ron Sharpe","Brooklyn Nets",2210040,"C"
"345","345","Jeremiah Robinson-Earl","New Orleans Pelicans",2196970,"F"
"346","346","Santi Aldama","Memphis Grizzlies",2194200,"PF"
"347","347","Jaxson Hayes","Los Angeles Lakers",2165000,"C"
"348","348","Cam Reddish","Los Angeles Lakers",2165000,"SF"
"349","349","Oshae Brissett","Boston Celtics",2165000,"SF"
"350","350","Andrew Nembhard","Indiana Pacers",2131905,"PG"
"351","351","Kobi Simmons","Toronto Raptors",2066585,"G"
"352","352","Luka Samanic","Utah Jazz",2066585,"F"
"353","353","Isaiah Roby","New York Knicks",2066585,"F"
"354","354","Goga Bitadze","Orlando Magic",2062585,"C"
"355","355","Tristan Thompson","Cleveland Cavaliers",2019796,"C"
"356","356","Sandro Mamukelashvili","San Antonio Spurs",2019760,"PF"
"357","357","Alex Len","Sacramento Kings",2019760,"C"
"358","358","Montrezl Harrell","Philadelphia 76ers",2019760,"C"
"359","359","Malik Beasley","Milwaukee Bucks",2019760,"SG"
"360","360","Jae Crowder","Milwaukee Bucks",2019760,"PF"
"361","361","Frank Ntilikina","Charlotte Hornets",2019706,"PG"
"362","362","Ish Smith","Charlotte Hornets",2019706,"PG"
"363","363","Colby Jones","Sacramento Kings",2019706,"G"
"364","364","Nerlens Noel","Sacramento Kings",2019706,"C"
"365","365","JaVale McGee","Sacramento Kings",2019706,"C"
"366","366","Robin Lopez","Milwaukee Bucks",2019706,"C"
"367","367","Dalano Banton","Portland Trail Blazers",2019706,"G"
"368","368","Moses Brown","Portland Trail Blazers",2019706,"C"
"369","369","Bol Bol","Phoenix Suns",2019706,"C"
"370","370","Mo Bamba","Philadelphia 76ers",2019706,"C"
"371","371","Kelly Oubre Jr.","Philadelphia 76ers",2019706,"SG"
"372","372","Danny Green","Philadelphia 76ers",2019706,"F"
"373","373","Trendon Watford","Brooklyn Nets",2019706,"PF"
"374","374","Lonnie Walker IV","Brooklyn Nets",2019706,"G"
"375","375","Dennis Smith Jr.","Brooklyn Nets",2019706,"PG"
"376","376","Thanasis Antetokounmpo","Milwaukee Bucks",2019706,"SF"
"377","377","Patrick Beverley","Milwaukee Bucks",2019706,"PG"
"378","378","Cory Joseph","Golden State Warriors",2019706,"PG"
"379","379","Aaron Holiday","Houston Rockets",2019706,"G"
"380","380","Reggie Bullock Jr.","Houston Rockets",2019706,"SF"
"381","381","Boban Marjanovic","Houston Rockets",2019706,"C"
"382","382","Dario Saric","Golden State Warriors",2019706,"PF"
"383","383","Chimezie Metu","Detroit Pistons",2019706,"PF"
"384","384","Ryan Arcidiacono","New York Knicks",2019706,"G"
"385","385","Jalen Pickett","Denver Nuggets",2019706,"G"
"386","386","Justin Holiday","Denver Nuggets",2019706,"SF"
"387","387","DeAndre Jordan","Denver Nuggets",2019706,"C"
"388","388","Derrick Jones Jr.","Dallas Mavericks",2019706,"SF"
"389","389","Markieff Morris","Dallas Mavericks",2019706,"PF"
"390","390","Terry Taylor","Chicago Bulls",2019706,"F"
"391","391","Cody Zeller","New Orleans Pelicans",2019706,"C"
"392","392","Svi Mykhailiuk","Boston Celtics",2019706,"SG"
"393","393","Wesley Matthews","Atlanta Hawks",2019706,"SG"
"394","394","Jaylin Williams","Oklahoma City Thunder",2e+06,"F"
"395","395","Caleb Houstan","Orlando Magic",2e+06,"G"
"396","396","Garrison Mathews","Atlanta Hawks",2e+06,"SG"
"397","397","Anthony Gill","Washington Wizards",1997239,"PF"
"398","398","R.J. Hampton","Miami Heat",1997238,"G"
"399","399","Isaiah Joe","Oklahoma City Thunder",1997238,"SG"
"400","400","Sam Merrill","Cleveland Cavaliers",1997238,"SG"
"401","401","GG Jackson","Memphis Grizzlies",1991428,"F"
"402","402","Duop Reath","Portland Trail Blazers",1951220,"C"
"403","403","Lamar Stevens","Memphis Grizzlies",1930681,"PF"
"404","404","KJ Martin","Philadelphia 76ers",1930681,"F"
"405","405","KJ Martin","LA Clippers",1930681,"F"
"406","406","Naji Marshall","New Orleans Pelicans",1930681,"SF"
"407","407","Xavier Tillman","Boston Celtics",1930681,"F"
"408","408","Kessler Edwards","Sacramento Kings",1927896,"SF"
"409","409","Jericho Sims","New York Knicks",1927896,"C"
"410","410","Joe Wieskamp","Dallas Mavericks",1927896,"SF"
"411","411","Sam Hauser","Boston Celtics",1927896,"SF"
"412","412","Carlik Jones","Chicago Bulls",1922896,"G"
"413","413","Haywood Highsmith","Miami Heat",1902137,"F"
"414","414","Kevin Knox II","Detroit Pistons",1845593,"SF"
"415","415","JT Thor","Charlotte Hornets",1836096,"F"
"416","416","Isaiah Todd","Memphis Grizzlies",1836096,"PF"
"417","417","Isaiah Livers","Detroit Pistons",1836096,"PF"
"418","418","Aaron Wiggins","Oklahoma City Thunder",1836096,"SG"
"419","419","Miles McBride","New York Knicks",1836096,"PG"
"420","420","Brandon Boston Jr.","LA Clippers",1836096,"SG"
"421","421","Marko Simonovic","Chicago Bulls",1836096,"C"
"422","422","Jose Alvarado","New Orleans Pelicans",1836096,"PG"
"423","423","Jack White","Memphis Grizzlies",1801769,"F"
"424","424","AJ Green","Milwaukee Bucks",1801769,"G"
"425","425","Orlando Robinson","Miami Heat",1801769,"C"
"426","426","Dru Smith","Miami Heat",1801769,"G"
"427","427","E.J. Liddell","New Orleans Pelicans",1801769,"F"
"428","428","Leonard Miller","Minnesota Timberwolves",1800000,"F"
"429","429","Joshua Primo","LA Clippers",1764341,"G"
"430","430","Daniel Theis","LA Clippers",1741126,"C"
"431","431","Bryce McGowens","Charlotte Hornets",1719865,"G"
"432","432","Xavier Cooks","Washington Wizards",1719864,"G"
"433","433","Jabari Walker","Portland Trail Blazers",1719864,"F"
"434","434","Josh Minott","Minnesota Timberwolves",1719864,"F"
"435","435","Tyrese Martin","Minnesota Timberwolves",1719864,"G"
"436","436","Max Christie","Los Angeles Lakers",1719864,"G"
"437","437","Jaden Hardy","Dallas Mavericks",1719864,"G"
"438","438","Julian Phillips","Chicago Bulls",1600000,"F"
"439","439","Spencer Dinwiddie","Los Angeles Lakers",1554654,"PG"
"440","440","Craig Porter","Cleveland Cavaliers",1500000,"G"
"441","441","Sidy Cissoko","San Antonio Spurs",1119563,"G"
"442","442","Filip Petrusev","Sacramento Kings",1119563,"PF"
"443","443","Rayan Rupert","Portland Trail Blazers",1119563,"G"
"444","444","Toumani Camara","Portland Trail Blazers",1119563,"F"
"445","445","Chris Livingston","Milwaukee Bucks",1119563,"F"
"446","446","Andre Jackson Jr.","Milwaukee Bucks",1119563,"G"
"447","447","Maxwell Lewis","Los Angeles Lakers",1119563,"F"
"448","448","Trayce Jackson-Davis","Golden State Warriors",1119563,"F"
"449","449","Hunter Tyson","Denver Nuggets",1119563,"F"
"450","450","Jordan Walsh","Boston Celtics",1119563,"G"
"451","451","Mouhamed Gueye","Atlanta Hawks",1119563,"F"
"452","452","Kendall Brown","Indiana Pacers",1100000,"SG"
"453","453","Gui Santos","Golden State Warriors",1029483,"F"
"454","454","A.J. Lawson","Dallas Mavericks",1e+06,"G"
"455","455","Eugene Omoruyi","Washington Wizards",9e+05,"F"
"456","456","Jalen Wilson","Brooklyn Nets",850000,"F"
"457","457","James Johnson","Indiana Pacers",777703,"PF"
"458","458","Lindy Waters III","Oklahoma City Thunder",766095,"F"
"459","459","Bismack Biyombo","Oklahoma City Thunder",754488,"C"
"460","460","Keon Ellis","Sacramento Kings",683430,"G"
"461","461","Danilo Gallinari","Milwaukee Bucks",661628,"PF"
"462","462","Delon Wright","Miami Heat",661628,"SG"
"463","463","Thaddeus Young","Phoenix Suns",638413,"F"
"464","464","Aleksej Pokusevski","Charlotte Hornets",565176,"F"
"465","465","Trent Forrest","Atlanta Hawks",553151,"G"
"466","466","Shake Milton","New York Knicks",552938,"SG"
"467","467","Lester Quinones","Golden State Warriors",548815,"G"
"468","468","Stanley Umude","Detroit Pistons",538460,"G"
"469","469","Kenneth Lofton Jr.","Utah Jazz",5e+05,"F"
"470","470","Darius Bazley","Utah Jazz",5e+05,"F"
"471","471","Patty Mills","Miami Heat",475908,"PG"
"472","472","Dominick Barlow","San Antonio Spurs",455620,"F"
"473","473","Taj Gibson","Detroit Pistons",348225,"F"
"474","474","Onuralp Bitim","Chicago Bulls",334582,"SF"
"475","475","Javon Freeman-Liberty","Toronto Raptors",289542,"G"
